{
  "name": "Impact",
  "createdAtMillis": 1468356193351,
  "home": {
    "w": "factions",
    "lx": -337.38096223037064,
    "ly": 3.0,
    "lz": -350.69999998807907,
    "p": 32.3999,
    "y": -331.04883
  },
  "relationWishes": {
    "21b64833-6b45-4344-a819-08532f63a485": "ALLY"
  }
}